year,period,period_label,fs_div,revenue,gross_profit,operating_profit,net_income,total_assets,total_liabilities,total_equity,current_assets,current_liabilities,cash,operating_cash_flow,rd_expense,eps,operating_margin,net_margin,roa,roe,debt_ratio,current_ratio,cash_ratio,rd_ratio
2015,annual,Annual,,1047812247334.0,338996683620.0,91680270423.0,95687082437.0,1415128445571.0,417424433124.0,997704012447.0,743461526280.0,307735421095.0,57736364909.0,45243777661.0,,8213.0,8.749684941769539,9.132082840266596,6.7617241909366435,9.59072843681513,41.83850399681282,241.59114463800657,18.761689734499686,
2016,annual,Annual,,1197903918398.0,352078337599.0,78451576354.0,65152450728.0,1550614664028.0,491603629980.0,1059011034048.0,801377451911.0,303297155469.0,56920250501.0,-1742284529.0,,5451.0,6.549070851935782,5.438871158809691,4.201717695533383,6.152197534614823,46.421011129683656,264.2218818939464,18.767156062832846,
2016,q1,Q1,,245804274583.0,69160181072.0,10868489314.0,6429321472.0,1444595216314.0,460431052773.0,984164163541.0,746501676209.0,378835357032.0,20484245703.0,-50061249928.0,,455.0,4.421603054885064,2.615626389291709,0.44506041549860087,0.6532773403237372,46.78396855219557,197.0517435483044,5.40716311790024,
2016,q3,Q3,,327578483670.0,103823880334.0,34586221433.0,22927074503.0,1613071643752.0,552094455065.0,1060977188687.0,884933392827.0,353983091777.0,48440090240.0,-38709287376.0,,1937.0,10.558148094928569,6.998956172621079,1.421330205127882,2.1609394384221527,52.03641142824551,249.99312492148204,13.68429491839005,
2017,annual,Annual,,1287916286216.0,366803858681.0,90297777601.0,56711043492.0,1703581525062.0,594868624414.0,1108712900648.0,926536972932.0,260055246607.0,170978987133.0,57879005794.0,,4665.0,7.011152709800885,4.403317521406732,3.3289304126455623,5.115034149855619,53.65398238500898,356.28466836210333,65.7471784798814,
2017,q1,Q1,,275385239828.0,73854139138.0,13680277726.0,6967038666.0,1544197275613.0,493112131500.0,1051085144113.0,789083067008.0,289748365196.0,83229581215.0,41701937440.0,,403.0,4.967687351197334,2.5299245051591983,0.45117542790860676,0.6628424638119506,46.91457530932304,272.3339151453799,28.724780261900506,
2017,q3,Q3,,356058720890.0,112611565084.0,41968095594.0,28436960171.0,1716646639295.0,601112288957.0,1115534350338.0,943332367956.0,248008566675.0,136333919311.0,25732324310.0,,2371.0,11.78684670020076,7.986592801299551,1.6565412776317563,2.549178352274296,53.88559202814926,380.36281593134606,54.97145567945532,
2018,annual,Annual,,1334877810113.0,345867683882.0,50150708353.0,34249899538.0,1723409866445.0,597203089096.0,1126206777349.0,893430408748.0,303482275946.0,96635650935.0,14410216138.0,,3017.0,3.756951233518118,2.5657703857629244,1.9873333792993597,3.0411732753572576,53.027836548965546,294.39294468286255,31.842271722054317,
2018,q1,Q1,,294074535882.0,81359526037.0,14461932861.0,18629180521.0,1704482932377.0,593526654549.0,1110956277828.0,922531217894.0,236918501840.0,140646862207.0,-18681463620.0,,1375.0,4.91777801081117,6.33484992678017,1.0929520130201908,1.6768599172436738,53.42484365895908,389.38757873668305,59.36508171150944,
2018,q3,Q3,,352300468103.0,103024526912.0,27995432244.0,15829031514.0,1741712833682.0,609592553220.0,1132120280462.0,955228277124.0,306269824281.0,84206579257.0,-28395947167.0,,1456.0,7.9464646739598255,4.493048674965757,0.9088198242495149,1.3981757757700823,53.84521094977956,311.8910847212901,27.494246112780985,
2019,annual,Annual,,1369709726800.0,372315307688.0,40254540052.0,-11287400054.0,1959299527595.0,775222802774.0,1184076724821.0,961780105068.0,401422956081.0,98461664082.0,40291382029.0,,-319.0,2.93891028619948,-0.8240724171807056,-0.5760936444390946,-0.9532659343258645,65.4706562947762,239.59270153795836,24.528159785194795,
2019,q1,Q1,,286822242249.0,73212261502.0,1377664473.0,5325659021.0,1769043461313.0,647550415640.0,1121493045673.0,894362519253.0,341394762379.0,78449866648.0,-19908175487.0,,435.0,0.48031995782391357,1.8567803456388217,0.3010473816763805,0.47487222872649293,57.740029520326594,261.97312255778604,22.979223846705867,
2019,q3,Q3,,369691298586.0,117409662126.0,36557550399.0,22425443641.0,1880755139350.0,745202825111.0,1135552314239.0,960647171746.0,412743866734.0,94745923653.0,9187844743.0,,2044.0,9.88866942198147,6.065991741426732,1.1923638102485985,1.974849010459602,65.62470224988304,232.74656492112234,22.955137868604762,
2020,annual,Annual,,1504115278649.0,440626609401.0,50252525869.0,,2151399593550.0,882093850046.0,1269305743504.0,1132043318805.0,589402989703.0,232288414078.0,35973500914.0,,,3.3410022876795016,,,,69.49419827022317,192.06609714949636,39.41079671059186,
2020,q1,Q1,,307782419402.0,88688802666.0,6121451148.0,,1945622138483.0,783730626613.0,1161891511870.0,931975898152.0,399953747398.0,50343693554.0,-26438908578.0,,,1.9888891509442148,,,,67.45299527592115,233.02091909757175,12.5873788860646,
2020,q3,Q3,,419580651863.0,142862449825.0,50742091180.0,,2117896406165.0,877749246898.0,1240147159267.0,1108197265736.0,576992111308.0,114510532902.0,-11680834641.0,,,12.093525036175436,,,,70.77782990018713,192.0645436943316,19.846117591176903,
2021,annual,Annual,,1537825750251.0,520593271953.0,73661620779.0,,2462144732200.0,962387714561.0,1499757017639.0,1095620833886.0,552882863140.0,186060276974.0,125978948878.0,,,4.789984870976256,,,,64.16957568740325,198.16509190818758,33.6527480554025,
2021,q1,Q1,,282233062040.0,92480837006.0,4970743322.0,,2223836629985.0,952441107252.0,1271395522733.0,1160035011251.0,640093018365.0,252218624979.0,-12170293997.0,,,1.761219357530661,,,,74.91304556465846,181.22913044952378,39.40343321088646,
2021,q3,Q3,,465708418972.0,185511391971.0,71509236543.0,,2304990109008.0,963917905216.0,1341072203792.0,1165682553043.0,564061328629.0,175870823217.0,34109992484.0,,,15.354937473719875,,,,71.87665977196731,206.658831917496,31.17937966860258,
2022,annual,Annual,,1711312739533.0,581804463258.0,81263665843.0,69414784584.0,2525537081269.0,958895150180.0,1566641931089.0,980437888875.0,540738447304.0,105365807601.0,119154310889.0,,,4.748615724392727,4.056230224929115,2.7485157552753625,4.430800887331579,61.20703979328928,181.31462516920007,19.485540213818744,
2022,q1,Q1,,416942468269.0,145377311161.0,41847906463.0,,2506483102079.0,1000680056500.0,1505803045579.0,1136488547041.0,582088215157.0,213858745726.0,15828428905.0,,,10.036853918176755,,,,66.45490985278397,195.24335271664415,36.739920197202125,
2022,q3,Q3,,459667544674.0,169188159425.0,48751685240.0,,2606153804940.0,1032666087287.0,1573487717653.0,1183255936944.0,601016586708.0,162000549111.0,24088772118.0,,,10.605857604015767,,,,65.62911649716054,196.87575403287119,26.954422339379946,
2023,annual,Annual,,1626643815820.0,484632762863.0,34436169536.0,-19808730987.0,2643313917487.0,2643313917487.0,1539863309487.0,1039149087771.0,868916638866.0,49706128323.0,-5472809765.0,,,2.1170073743919495,-1.2177669625242642,-0.7493900310498184,-1.286395413473369,171.65899734097897,119.59134412792069,5.720471458328862,
2023,q1,Q1,,349481781014.0,99463283182.0,,,2555302311616.0,1029444818511.0,1525857493105.0,1003923593851.0,613582809929.0,82653332578.0,-35724711986.0,,,,,,,67.4666424068319,163.61664270991682,13.470607592081032,
2023,q3,Q3,,439350043803.0,140852727303.0,32754430038.0,,2677751935486.0,2677751935486.0,1552042856794.0,1125594488350.0,877662273901.0,64501021124.0,-99121758778.0,,,7.455201268327801,,,,172.5307986029031,128.249159365937,7.349184651324742,
2024,annual,Annual,,1679891941477.0,481932280494.0,32107347889.0,,,,,1201833945085.0,769474794987.0,22563430298.0,-53460079255.0,,-2303.0,1.911274594291492,,,,,156.18886452353578,2.9323157100137633,
2024,q1,Q1,,356809615063.0,86405254354.0,,,2684977733609.0,1190787732834.0,1494190000775.0,1106955744094.0,803805163993.0,54489795700.0,-62437705653.0,,,,,,,79.69453230287765,137.71443549766,6.778980546643332,
2024,q3,Q3,,464865549366.0,145485938732.0,39574371979.0,,2795349212986.0,1271786545456.0,1523562667530.0,1223225122866.0,791137863487.0,44867218809.0,-95190028172.0,,2915.0,8.513079111363043,,,,83.47451486966536,154.61592464738607,5.671226328524378,
2025,annual,Annual,,1991279093821.0,554120038925.0,69149857151.0,,,,,1370387734841.0,1145802792164.0,49372311054.0,99462778248.0,,,3.4726351200880945,,,,,119.60066289006346,4.30897108923551,
2025,q1,Q1,,383778613077.0,112748428890.0,,,,,,1418520351775.0,1040390140635.0,89596930167.0,-86213034085.0,,2602.0,,,,,,136.34503984334273,8.611858827527403,
2025,q3,Q3,,609486331400.0,145896937870.0,29216618161.0,,,1702049280955.0,,1494708234383.0,1270873089685.0,64084928810.0,50069040601.0,,1397.0,4.793646166582432,,,,,117.61270629732824,5.042590745696264,
2026,q1,Q1,,435531830460.0,122764930738.0,11729720249.0,,,,,1297834890082.0,1039429272661.0,40727489754.0,-24532193532.0,,1794.0,2.693194717045435,,,,,124.86033674609398,3.9182550294870215,
